[
    {
      "cover":"images/bg0.jpeg",
      "zipfile":"https://github.com/xujim/drawingconfigstore/blob/master/myrobot.zip",
      "url":"",
      "name":"myrobot",
      "scriptName":"myrobot"
    },
    {
        "cover":"images/bg1.jpeg",
        "zipfile":"https://github.com/xujim/drawingconfigstore/blob/master/myrobot1.zip",
        "url":"",
        "name":"myrobot1",
        "scriptName":"myrobot"
    },
    {
        "cover":"images/bg2.jpeg",
        "zipfile":"https://github.com/xujim/drawingconfigstore/blob/master/myrobot2.zip",
        "url":"",
        "name":"myrobot2",
        "scriptName":"myrobot"
    }
  ]